-- Insertion de toutes les devises dans la table currency
INSERT INTO public.currency(code, number, name, symbol)
  VALUES ('AFN', '971', 'Afghan Afghani', '؋'),
('ALL', '008', 'Albanian Lek', 'L'),
('DZD', '012', 'Algerian Dinar', 'دج'),
('AOA', '973', 'Angolan Kwanza', 'Kz'),
('ARS', '032', 'Argentine Peso', '$'),
('AMD', '051', 'Armenian Dram', '֏'),
('AWG', '533', 'Aruban Florin', 'ƒ'),
('AUD', '036', 'Australian Dollar', 'A$'),
('AZN', '944', 'Azerbaijani Manat', '₼'),
('BSD', '044', 'Bahamian Dollar', '$'),
('BHD', '048', 'Bahraini Dinar', '.د.ب'),
('BDT', '050', 'Bangladeshi Taka', '৳'),
('BBD', '052', 'Barbadian Dollar', '$'),
('BYN', '933', 'Belarusian Ruble', 'Br'),
('BZD', '084', 'Belize Dollar', 'BZ$'),
('XOF', '952', 'West African CFA Franc', 'Fr'),
('BMD', '060', 'Bermudian Dollar', '$'),
('BTN', '064', 'Bhutanese Ngultrum', 'Nu.'),
('BOB', '068', 'Bolivian Boliviano', 'Bs.'),
('BAM', '977', 'Bosnia-Herzegovina Convertible Mark', 'KM'),
('BWP', '072', 'Botswana Pula', 'P'),
('BRL', '986', 'Brazilian Real', 'R$'),
('BND', '096', 'Brunei Dollar', 'B$'),
('BGN', '975', 'Bulgarian Lev', 'лв'),
('BIF', '108', 'Burundian Franc', 'Fr'),
('KHR', '116', 'Cambodian Riel', '៛'),
('CAD', '124', 'Canadian Dollar', 'C$'),
('CVE', '132', 'Cape Verdean Escudo', '$'),
('KYD', '136', 'Cayman Islands Dollar', '$'),
('XAF', '950', 'Central African CFA Franc', 'Fr'),
('CLP', '152', 'Chilean Peso', '$'),
('CNY', '156', 'Chinese Yuan Renminbi', '¥'),
('COP', '170', 'Colombian Peso', '$'),
('KMF', '174', 'Comorian Franc', 'Fr'),
('CDF', '976', 'Congolese Franc', 'Fr'),
('CRC', '188', 'Costa Rican Colon', '₡'),
('HRK', '191', 'Croatian Kuna', 'kn'),
('CUP', '192', 'Cuban Peso', '$'),
('CZK', '203', 'Czech Koruna', 'Kč'),
('DKK', '208', 'Danish Krone', 'kr'),
('DJF', '262', 'Djiboutian Franc', 'Fr'),
('DOP', '214', 'Dominican Peso', 'RD$'),
('EGP', '818', 'Egyptian Pound', '£'),
('ERN', '232', 'Eritrean Nakfa', 'Nfk'),
('SZL', '748', 'Eswatini Lilangeni', 'L'),
('ETB', '230', 'Ethiopian Birr', 'Br'),
('EUR', '978', 'Euro', '€'),
('FKP', '238', 'Falkland Islands Pound', '£'),
('FJD', '242', 'Fijian Dollar', '$'),
('GMD', '270', 'Gambian Dalasi', 'D'),
('GEL', '981', 'Georgian Lari', '₾'),
('GHS', '936', 'Ghanaian Cedi', '₵'),
('GIP', '292', 'Gibraltar Pound', '£'),
('GTQ', '320', 'Guatemalan Quetzal', 'Q'),
('GNF', '324', 'Guinean Franc', 'Fr'),
('GYD', '328', 'Guyanese Dollar', '$'),
('HTG', '332', 'Haitian Gourde', 'G'),
('HNL', '340', 'Honduran Lempira', 'L'),
('HKD', '344', 'Hong Kong Dollar', 'HK$'),
('HUF', '348', 'Hungarian Forint', 'Ft'),
('ISK', '352', 'Icelandic Krona', 'kr'),
('INR', '356', 'Indian Rupee', '₹'),
('IDR', '360', 'Indonesian Rupiah', 'Rp'),
('IRR', '364', 'Iranian Rial', '﷼'),
('IQD', '368', 'Iraqi Dinar', 'ع.د'),
('ILS', '376', 'Israeli New Shekel', '₪'),
('JMD', '388', 'Jamaican Dollar', '$'),
('JPY', '392', 'Japanese Yen', '¥'),
('JOD', '400', 'Jordanian Dinar', 'د.ا'),
('KZT', '398', 'Kazakhstani Tenge', '₸'),
('KES', '404', 'Kenyan Shilling', 'Sh'),
('KWD', '414', 'Kuwaiti Dinar', 'د.ك'),
('KGS', '417', 'Kyrgyzstani Som', 'с'),
('LAK', '418', 'Lao Kip', '₭'),
('LBP', '422', 'Lebanese Pound', 'ل.ل'),
('LSL', '426', 'Lesotho Loti', 'L'),
('LRD', '430', 'Liberian Dollar', '$'),
('LYD', '434', 'Libyan Dinar', 'ل.د'),
('MOP', '446', 'Macanese Pataca', 'P'),
('MKD', '807', 'Macedonian Denar', 'ден'),
('MGA', '969', 'Malagasy Ariary', 'Ar'),
('MWK', '454', 'Malawian Kwacha', 'MK'),
('MYR', '458', 'Malaysian Ringgit', 'RM'),
('MVR', '462', 'Maldivian Rufiyaa', 'Rf'),
('MRU', '929', 'Mauritanian Ouguiya', 'UM'),
('MUR', '480', 'Mauritian Rupee', '₨'),
('MXN', '484', 'Mexican Peso', '$'),
('MDL', '498', 'Moldovan Leu', 'L'),
('MNT', '496', 'Mongolian Tugrik', '₮'),
('MAD', '504', 'Moroccan Dirham', 'د.م.'),
('MZN', '943', 'Mozambican Metical', 'MT'),
('MMK', '104', 'Myanmar Kyat', 'Ks'),
('NAD', '516', 'Namibian Dollar', '$'),
('NPR', '524', 'Nepalese Rupee', '₨'),
('ANG', '532', 'Netherlands Antillean Guilder', 'ƒ'),
('TWD', '901', 'New Taiwan Dollar', 'NT$'),
('NZD', '554', 'New Zealand Dollar', 'NZ$'),
('NIO', '558', 'Nicaraguan Cordoba', 'C$'),
('NGN', '566', 'Nigerian Naira', '₦'),
('KPW', '408', 'North Korean Won', '₩'),
('NOK', '578', 'Norwegian Krone', 'kr'),
('OMR', '512', 'Omani Rial', 'ر.ع.'),
('PKR', '586', 'Pakistani Rupee', '₨'),
('PAB', '590', 'Panamanian Balboa', 'B/.'),
('PGK', '598', 'Papua New Guinean Kina', 'K'),
('PYG', '600', 'Paraguayan Guarani', '₲'),
('PEN', '604', 'Peruvian Sol', 'S/'),
('PHP', '608', 'Philippine Peso', '₱'),
('PLN', '985', 'Polish Zloty', 'zł'),
('QAR', '634', 'Qatari Riyal', 'ر.ق'),
('RON', '946', 'Romanian Leu', 'lei'),
('RUB', '643', 'Russian Ruble', '₽'),
('RWF', '646', 'Rwandan Franc', 'Fr'),
('SHP', '654', 'Saint Helena Pound', '£'),
('WST', '882', 'Samoan Tala', 'T'),
('STN', '930', 'Sao Tome and Principe Dobra', 'Db'),
('SAR', '682', 'Saudi Riyal', '﷼'),
('RSD', '941', 'Serbian Dinar', 'дин.'),
('SCR', '690', 'Seychellois Rupee', '₨'),
('SLL', '694', 'Sierra Leonean Leone', 'Le'),
('SGD', '702', 'Singapore Dollar', 'S$'),
('XSU', '994', 'SUCRE', 'Sucre'),
('SBD', '090', 'Solomon Islands Dollar', '$'),
('SOS', '706', 'Somali Shilling', 'Sh'),
('SSP', '728', 'South Sudanese Pound', '£'),
('LKR', '144', 'Sri Lankan Rupee', '₨'),
('SDG', '938', 'Sudanese Pound', 'ج.س.'),
('SRD', '968', 'Surinamese Dollar', '$'),
('SEK', '752', 'Swedish Krona', 'kr'),
('CHF', '756', 'Swiss Franc', 'CHF'),
('SYP', '760', 'Syrian Pound', '£'),
('TJS', '972', 'Tajikistani Somoni', 'ЅМ'),
('TZS', '834', 'Tanzanian Shilling', 'Sh'),
('THB', '764', 'Thai Baht', '฿'),
('TOP', '776', 'Tongan Paanga', 'T$'),
('TTD', '780', 'Trinidad and Tobago Dollar', '$'),
('TND', '788', 'Tunisian Dinar', 'د.ت'),
('TRY', '949', 'Turkish Lira', '₺'),
('TMT', '934', 'Turkmenistani Manat', 'm'),
('UGX', '800', 'Ugandan Shilling', 'Sh'),
('UAH', '980', 'Ukrainian Hryvnia', '₴'),
('AED', '784', 'United Arab Emirates Dirham', 'د.إ'),
('UYU', '858', 'Uruguayan Peso', '$'),
('UZS', '860', 'Uzbekistani Som', 'сўм'),
('VUV', '548', 'Vanuatu Vatu', 'Vt'),
('VES', '928', 'Venezuelan Bolivar Soberano', 'Bs.'),
('VND', '704', 'Vietnamese Dong', '₫'),
('YER', '886', 'Yemeni Rial', '﷼'),
('ZMW', '967', 'Zambian Kwacha', 'ZK'),
('ZWL', '932', 'Zimbabwean Dollar', '$');

-- Insertion de tous les pays dans la table country
-- Script d'insertion complet pour la table country
INSERT INTO public.country(number, code_3, code_2, name)
  VALUES ('004', 'AFG', 'AF', 'Afghanistan'),
('008', 'ALB', 'AL', 'Albania'),
('012', 'DZA', 'DZ', 'Algeria'),
('016', 'ASM', 'AS', 'American Samoa'),
('020', 'AND', 'AD', 'Andorra'),
('024', 'AGO', 'AO', 'Angola'),
('028', 'ATG', 'AG', 'Antigua and Barbuda'),
('032', 'ARG', 'AR', 'Argentina'),
('036', 'AUS', 'AU', 'Australia'),
('040', 'AUT', 'AT', 'Austria'),
('044', 'BHS', 'BS', 'Bahamas'),
('048', 'BHR', 'BH', 'Bahrain'),
('050', 'BGD', 'BD', 'Bangladesh'),
('051', 'ARM', 'AM', 'Armenia'),
('052', 'BRB', 'BB', 'Barbados'),
('056', 'BEL', 'BE', 'Belgium'),
('060', 'BMU', 'BM', 'Bermuda'),
('064', 'BTN', 'BT', 'Bhutan'),
('068', 'BOL', 'BO', 'Bolivia'),
('070', 'BIH', 'BA', 'Bosnia and Herzegovina'),
('072', 'BWA', 'BW', 'Botswana'),
('076', 'BRA', 'BR', 'Brazil'),
('084', 'BLZ', 'BZ', 'Belize'),
('086', 'IOT', 'IO', 'British Indian Ocean Territory'),
('090', 'SLB', 'SB', 'Solomon Islands'),
('092', 'VGB', 'VG', 'British Virgin Islands'),
('096', 'BRN', 'BN', 'Brunei'),
('100', 'BGR', 'BG', 'Bulgaria'),
('104', 'MMR', 'MM', 'Myanmar (Burma)'),
('108', 'BDI', 'BI', 'Burundi'),
('112', 'BLR', 'BY', 'Belarus'),
('116', 'KHM', 'KH', 'Cambodia'),
('120', 'CMR', 'CM', 'Cameroon'),
('124', 'CAN', 'CA', 'Canada'),
('132', 'CPV', 'CV', 'Cape Verde'),
('136', 'CYM', 'KY', 'Cayman Islands'),
('140', 'CAF', 'CF', 'Central African Republic'),
('144', 'LKA', 'LK', 'Sri Lanka'),
('148', 'TCD', 'TD', 'Chad'),
('152', 'CHL', 'CL', 'Chile'),
('156', 'CHN', 'CN', 'China'),
('170', 'COL', 'CO', 'Colombia'),
('174', 'COM', 'KM', 'Comoros'),
('178', 'COG', 'CG', 'Congo (Brazzaville)'),
('180', 'COD', 'CD', 'Congo (Kinshasa)'),
('184', 'COK', 'CK', 'Cook Islands'),
('188', 'CRI', 'CR', 'Costa Rica'),
('191', 'HRV', 'HR', 'Croatia'),
('192', 'CUB', 'CU', 'Cuba'),
('196', 'CYP', 'CY', 'Cyprus'),
('203', 'CZE', 'CZ', 'Czechia'),
('204', 'BEN', 'BJ', 'Benin'),
('208', 'DNK', 'DK', 'Denmark'),
('212', 'DMA', 'DM', 'Dominica'),
('214', 'DOM', 'DO', 'Dominican Republic'),
('218', 'ECU', 'EC', 'Ecuador'),
('222', 'SLV', 'SV', 'El Salvador'),
('226', 'GNQ', 'GQ', 'Equatorial Guinea'),
('231', 'ETH', 'ET', 'Ethiopia'),
('232', 'ERI', 'ER', 'Eritrea'),
('233', 'EST', 'EE', 'Estonia'),
('234', 'FRO', 'FO', 'Faroe Islands'),
('238', 'FLK', 'FK', 'Falkland Islands'),
('242', 'FJI', 'FJ', 'Fiji'),
('246', 'FIN', 'FI', 'Finland'),
('250', 'FRA', 'FR', 'France'),
('254', 'GUF', 'GF', 'French Guiana'),
('258', 'PYF', 'PF', 'French Polynesia'),
('260', 'ATF', 'TF', 'French Southern Territories'),
('262', 'DJI', 'DJ', 'Djibouti'),
('266', 'GAB', 'GA', 'Gabon'),
('270', 'GMB', 'GM', 'Gambia'),
('275', 'PSE', 'PS', 'Palestine'),
('276', 'DEU', 'DE', 'Germany'),
('288', 'GHA', 'GH', 'Ghana'),
('292', 'GIB', 'GI', 'Gibraltar'),
('296', 'KIR', 'KI', 'Kiribati'),
('300', 'GRC', 'GR', 'Greece'),
('304', 'GRL', 'GL', 'Greenland'),
('308', 'GRD', 'GD', 'Grenada'),
('312', 'GLP', 'GP', 'Guadeloupe'),
('316', 'GUM', 'GU', 'Guam'),
('320', 'GTM', 'GT', 'Guatemala'),
('324', 'GIN', 'GN', 'Guinea'),
('328', 'GUY', 'GY', 'Guyana'),
('332', 'HTI', 'HT', 'Haiti'),
('336', 'VAT', 'VA', 'Vatican City'),
('340', 'HND', 'HN', 'Honduras'),
('344', 'HKG', 'HK', 'Hong Kong'),
('348', 'HUN', 'HU', 'Hungary'),
('352', 'ISL', 'IS', 'Iceland'),
('356', 'IND', 'IN', 'India'),
('360', 'IDN', 'ID', 'Indonesia'),
('364', 'IRN', 'IR', 'Iran'),
('368', 'IRQ', 'IQ', 'Iraq'),
('372', 'IRL', 'IE', 'Ireland'),
('376', 'ISR', 'IL', 'Israel'),
('380', 'ITA', 'IT', 'Italy'),
('384', 'CIV', 'CI', 'Ivory Coast'),
('388', 'JAM', 'JM', 'Jamaica'),
('392', 'JPN', 'JP', 'Japan'),
('398', 'KAZ', 'KZ', 'Kazakhstan'),
('400', 'JOR', 'JO', 'Jordan'),
('404', 'KEN', 'KE', 'Kenya'),
('408', 'PRK', 'KP', 'North Korea'),
('410', 'KOR', 'KR', 'South Korea'),
('414', 'KWT', 'KW', 'Kuwait'),
('417', 'KGZ', 'KG', 'Kyrgyzstan'),
('418', 'LAO', 'LA', 'Laos'),
('422', 'LBN', 'LB', 'Lebanon'),
('426', 'LSO', 'LS', 'Lesotho'),
('428', 'LVA', 'LV', 'Latvia'),
('430', 'LBR', 'LR', 'Liberia'),
('434', 'LBY', 'LY', 'Libya'),
('438', 'LIE', 'LI', 'Liechtenstein'),
('440', 'LTU', 'LT', 'Lithuania'),
('442', 'LUX', 'LU', 'Luxembourg'),
('446', 'MAC', 'MO', 'Macau'),
('450', 'MDG', 'MG', 'Madagascar'),
('454', 'MWI', 'MW', 'Malawi'),
('458', 'MYS', 'MY', 'Malaysia'),
('462', 'MDV', 'MV', 'Maldives'),
('466', 'MLI', 'ML', 'Mali'),
('470', 'MLT', 'MT', 'Malta'),
('474', 'MTQ', 'MQ', 'Martinique'),
('478', 'MRT', 'MR', 'Mauritania'),
('480', 'MUS', 'MU', 'Mauritius'),
('484', 'MEX', 'MX', 'Mexico'),
('492', 'MCO', 'MC', 'Monaco'),
('496', 'MNG', 'MN', 'Mongolia'),
('498', 'MDA', 'MD', 'Moldova'),
('499', 'MNE', 'ME', 'Montenegro'),
('500', 'MSR', 'MS', 'Montserrat'),
('504', 'MAR', 'MA', 'Morocco'),
('508', 'MOZ', 'MZ', 'Mozambique'),
('512', 'OMN', 'OM', 'Oman'),
('516', 'NAM', 'NA', 'Namibia'),
('520', 'NRU', 'NR', 'Nauru'),
('524', 'NPL', 'NP', 'Nepal'),
('528', 'NLD', 'NL', 'Netherlands'),
('531', 'CUW', 'CW', 'Curaçao'),
('533', 'ABW', 'AW', 'Aruba'),
('534', 'SXM', 'SX', 'Sint Maarten'),
('535', 'BES', 'BQ', 'Caribbean Netherlands'),
('540', 'NCL', 'NC', 'New Caledonia'),
('548', 'VUT', 'VU', 'Vanuatu'),
('554', 'NZL', 'NZ', 'New Zealand'),
('558', 'NIC', 'NI', 'Nicaragua'),
('562', 'NER', 'NE', 'Niger'),
('566', 'NGA', 'NG', 'Nigeria'),
('570', 'NIU', 'NU', 'Niue'),
('574', 'NFK', 'NF', 'Norfolk Island'),
('578', 'NOR', 'NO', 'Norway'),
('580', 'MNP', 'MP', 'Northern Mariana Islands'),
('581', 'UMI', 'UM', 'United States Minor Outlying Islands'),
('583', 'FSM', 'FM', 'Micronesia'),
('584', 'MHL', 'MH', 'Marshall Islands'),
('585', 'PLW', 'PW', 'Palau'),
('586', 'PAK', 'PK', 'Pakistan'),
('591', 'PAN', 'PA', 'Panama'),
('598', 'PNG', 'PG', 'Papua New Guinea'),
('600', 'PRY', 'PY', 'Paraguay'),
('604', 'PER', 'PE', 'Peru'),
('608', 'PHL', 'PH', 'Philippines'),
('612', 'PCN', 'PN', 'Pitcairn Islands'),
('616', 'POL', 'PL', 'Poland'),
('620', 'PRT', 'PT', 'Portugal'),
('624', 'GNB', 'GW', 'Guinea-Bissau'),
('626', 'TLS', 'TL', 'Timor-Leste'),
('630', 'PRI', 'PR', 'Puerto Rico'),
('634', 'QAT', 'QA', 'Qatar'),
('638', 'REU', 'RE', 'Réunion'),
('642', 'ROU', 'RO', 'Romania'),
('643', 'RUS', 'RU', 'Russia'),
('646', 'RWA', 'RW', 'Rwanda'),
('652', 'BLM', 'BL', 'Saint Barthélemy'),
('654', 'SHN', 'SH', 'Saint Helena'),
('659', 'KNA', 'KN', 'Saint Kitts and Nevis'),
('660', 'AIA', 'AI', 'Anguilla'),
('662', 'LCA', 'LC', 'Saint Lucia'),
('663', 'MAF', 'MF', 'Saint Martin'),
('666', 'SPM', 'PM', 'Saint Pierre and Miquelon'),
('670', 'VCT', 'VC', 'Saint Vincent and the Grenadines'),
('674', 'SMR', 'SM', 'San Marino'),
('678', 'STP', 'ST', 'Sao Tome and Principe'),
('682', 'SAU', 'SA', 'Saudi Arabia'),
('686', 'SEN', 'SN', 'Senegal'),
('688', 'SRB', 'RS', 'Serbia'),
('690', 'SYC', 'SC', 'Seychelles'),
('694', 'SLE', 'SL', 'Sierra Leone'),
('702', 'SGP', 'SG', 'Singapore'),
('703', 'SVK', 'SK', 'Slovakia'),
('704', 'VNM', 'VN', 'Vietnam'),
('705', 'SVN', 'SI', 'Slovenia'),
('706', 'SOM', 'SO', 'Somalia'),
('710', 'ZAF', 'ZA', 'South Africa'),
('716', 'ZWE', 'ZW', 'Zimbabwe'),
('724', 'ESP', 'ES', 'Spain'),
('728', 'SSD', 'SS', 'South Sudan'),
('729', 'SDN', 'SD', 'Sudan'),
('732', 'ESH', 'EH', 'Western Sahara'),
('740', 'SUR', 'SR', 'Suriname'),
('748', 'SWZ', 'SZ', 'Eswatini'),
('752', 'SWE', 'SE', 'Sweden'),
('756', 'CHE', 'CH', 'Switzerland'),
('760', 'SYR', 'SY', 'Syria'),
('762', 'TJK', 'TJ', 'Tajikistan'),
('764', 'THA', 'TH', 'Thailand'),
('768', 'TGO', 'TG', 'Togo'),
('772', 'TKL', 'TK', 'Tokelau'),
('776', 'TON', 'TO', 'Tonga'),
('780', 'TTO', 'TT', 'Trinidad and Tobago'),
('784', 'ARE', 'AE', 'United Arab Emirates'),
('788', 'TUN', 'TN', 'Tunisia'),
('792', 'TUR', 'TR', 'Turkey'),
('795', 'TKM', 'TM', 'Turkmenistan'),
('796', 'TCA', 'TC', 'Turks and Caicos Islands'),
('798', 'TUV', 'TV', 'Tuvalu'),
('800', 'UGA', 'UG', 'Uganda'),
('804', 'UKR', 'UA', 'Ukraine'),
('807', 'MKD', 'MK', 'North Macedonia'),
('818', 'EGY', 'EG', 'Egypt'),
('826', 'GBR', 'GB', 'United Kingdom'),
('831', 'GGY', 'GG', 'Guernsey'),
('832', 'JEY', 'JE', 'Jersey'),
('833', 'IMN', 'IM', 'Isle of Man'),
('834', 'TZA', 'TZ', 'Tanzania'),
('840', 'USA', 'US', 'United States'),
('850', 'VIR', 'VI', 'United States Virgin Islands'),
('854', 'BFA', 'BF', 'Burkina Faso'),
('858', 'URY', 'UY', 'Uruguay'),
('860', 'UZB', 'UZ', 'Uzbekistan'),
('862', 'VEN', 'VE', 'Venezuela'),
('876', 'WLF', 'WF', 'Wallis and Futuna'),
('882', 'WSM', 'WS', 'Samoa'),
('887', 'YEM', 'YE', 'Yemen'),
('894', 'ZMB', 'ZM', 'Zambia');

-- Insertion des types de clients les plus fréquents dans la table customer_type
INSERT INTO public.customer_type(type, description)
  VALUES ('standard_customer', 'Clients with basic banking needs, such as current accounts and basic products.'),
('premium_customer', 'Clients with higher income, accessing more sophisticated banking services and products.'),
('affluent_customer', 'Clients with above-average income or assets, benefiting from enhanced services such as financial advice.'),
('young_customer', 'Young clients or students, looking for simple banking services, often without fees.'),
('senior_customer', 'Retired clients or those nearing retirement, often interested in products related to retirement planning or tailored services.'),
('mortgage_customer', 'Clients who have taken out a mortgage or have specific needs related to real estate loans.'),
('digital_customer', 'Clients who primarily use online banking services or mobile apps, often without any interaction in branch.'),
('potential_customer', 'Prospects or clients with high growth potential, but who have not yet reached premium or affluent service levels.');

-- Setup rules and conditions
-- Inserting dummy data into the bank table
INSERT INTO public.bank(id, name, address, city, country, phone, email, thresold_outside, thresold_online, created_by, updated_by)
  VALUES ('11111111-1111-1111-1111-111111111111', 'First Bank', '123 Finance St', 'New York', 'USA', '1234567890', 'contact@firstbank.com', 5000000.00, 1000000.00, NULL, NULL),
('22222222-2222-2222-2222-222222222222', 'Second Bank', '456 Money Ave', 'London', 'UK', '0987654321', 'info@secondbank.co.uk', 6000000.00, 1500000.00, NULL, NULL);

--------------------------------------------------------------------
-- Inserting dummy data into rate_currency (using EUR as an example)
INSERT INTO public.rate_currency(id, currency_id, rate, date, created_by, updated_by)
  VALUES (uuid_generate_v4(),
(
      SELECT
        id
      FROM
        public.currency
      WHERE
        code = 'EUR'), 1.10, '2025-01-01', NULL, NULL),(uuid_generate_v4(),(
      SELECT
        id
      FROM
        public.currency
      WHERE
        code = 'EUR'), 1.12, '2025-02-01', NULL, NULL);

--------------------------------------------------------------------
-- Inserting dummy data into customer
INSERT INTO public.customer(id, serial_number, customer_type_id, first_name, last_name, phone, email, balance_flag, created_by, updated_by)
  VALUES (uuid_generate_v4(), 'SN001',(
      SELECT
        id
      FROM
        public.customer_type
      WHERE
        type = 'standard_customer'), 'John', 'Doe', '1234567890', 'john.doe@example.com', 'green', NULL, NULL),(uuid_generate_v4(), 'SN002',(
      SELECT
        id
      FROM
        public.customer_type
      WHERE
        type = 'premium_customer'), 'Jane', 'Smith', '0987654321', 'jane.smith@example.com', 'green', NULL, NULL);

--------------------------------------------------------------------
-- Inserting dummy data into category
INSERT INTO public.category(id, type, is_required, description, created_by, updated_by)
  VALUES (uuid_generate_v4(), 'Travel Documents', TRUE, 'Documents required for trip verification.', NULL, NULL),
(uuid_generate_v4(), 'Receipts', TRUE, 'Receipts for expenses incurred.', NULL, NULL);

--------------------------------------------------------------------
-- Inserting dummy data into file (assuming first category exists)
INSERT INTO public.file(id, categrory_id, directus_files_id, created_by, updated_by)
  VALUES (uuid_generate_v4(),
(
      SELECT
        id
      FROM
        public.category
      WHERE
        type = 'Travel Documents'
      LIMIT 1),
    NULL,
    NULL,
    NULL),
(uuid_generate_v4(),
(
    SELECT
      id
    FROM
      public.category
    WHERE
      type = 'Receipts'
    LIMIT 1),
  NULL,
  NULL,
  NULL);

--------------------------------------------------------------------
-- Inserting dummy data into trip (using customers inserted above)
INSERT INTO public.trip(id, customer_id, manager_user, validator_user, title, start_date, end_date, status, is_outside, origin, destination, proof_required, balance, created_by, updated_by)
  VALUES (uuid_generate_v4(),
(
      SELECT
        id
      FROM
        public.customer
      WHERE
        serial_number = 'SN001'
      LIMIT 1),
    NULL,
    NULL,
    'Business Trip to Paris',
    '2025-03-01',
    '2025-03-10',
    'on_hold',
    TRUE,
    'New York',
    'Paris',
    TRUE,
    0,
    NULL,
    NULL),
(uuid_generate_v4(),
(
    SELECT
      id
    FROM
      public.customer
    WHERE
      serial_number = 'SN002'
    LIMIT 1),
  NULL,
  NULL,
  'Vacation in Spain',
  '2025-04-05',
  '2025-04-15',
  'on_hold',
  TRUE,
  'London',
  'Barcelona',
  TRUE,
  0,
  NULL,
  NULL);

--------------------------------------------------------------------
-- Inserting dummy data into transaction
-- (Make sure the referenced trip, currency and country exist)
INSERT INTO public.transaction(id, trip_id, currency_id, amount, reference, proof_required, country_id, date, memo, card_number, branch_code, card_type, created_by, updated_by)
  VALUES (uuid_generate_v4(),
(
      SELECT
        id
      FROM
        public.trip
      WHERE
        title = 'Business Trip to Paris'
      LIMIT 1),
(
      SELECT
        id
      FROM
        public.currency
      WHERE
        code = 'EUR'
      LIMIT 1),
    2500.00,
    'TXN001',
    FALSE,
(
      SELECT
        id
      FROM
        public.country
      WHERE
        code_2 = 'US'
      LIMIT 1),
    '2025-03-02',
    'Flight ticket',
    '4111111111111111',
    'BR001',
    'international+visa',
    NULL,
    NULL),
(uuid_generate_v4(),
(
    SELECT
      id
    FROM
      public.trip
    WHERE
      title = 'Vacation in Spain'
    LIMIT 1),
(
    SELECT
      id
    FROM
      public.currency
    WHERE
      code = 'EUR'
    LIMIT 1),
  1800.00,
  'TXN002',
  FALSE,
(
    SELECT
      id
    FROM
      public.country
    WHERE
      code_2 = 'GB'
    LIMIT 1),
  '2025-04-06',
  'Hotel booking',
  '4222222222222222',
  'BR002',
  'international+visa',
  NULL,
  NULL);

--------------------------------------------------------------------
-- Inserting dummy data into proof (linking trip and file)
INSERT INTO public.proof(id, trip_id, file_id, is_locked, created_by, updated_by)
  VALUES (uuid_generate_v4(),
(
      SELECT
        id
      FROM
        public.trip
      WHERE
        title = 'Business Trip to Paris'
      LIMIT 1),
(
      SELECT
        id
      FROM
        public.file
      LIMIT 1),
    FALSE,
    NULL,
    NULL),
(uuid_generate_v4(),
(
    SELECT
      id
    FROM
      public.trip
    WHERE
      title = 'Vacation in Spain'
    LIMIT 1),
(
    SELECT
      id
    FROM
      public.file OFFSET 1
    LIMIT 1),
  FALSE,
  NULL,
  NULL);

--------------------------------------------------------------------
-- Inserting dummy data into validation (linking a transaction and a proof)
INSERT INTO public.validation(id, transaction_id, proof_id, created_by, updated_by)
  VALUES (uuid_generate_v4(),
(
      SELECT
        id
      FROM
        public.transaction
      WHERE
        reference = 'TXN001'
      LIMIT 1),
(
      SELECT
        id
      FROM
        public.proof
      LIMIT 1),
    NULL,
    NULL);

--------------------------------------------------------------------
-- Inserting dummy data into alert_template
INSERT INTO public.alert_template(id, name, description, type, variables, content, status, created_by, updated_by)
  VALUES (uuid_generate_v4(), 'Trip Alert', 'Alert for trip status updates', 'formal_notice', '{"trip": "trip title", "date": "YYYY-MM-DD"}', 'Your trip has been updated. Please check your details.', TRUE, NULL, NULL);

--------------------------------------------------------------------
-- Inserting dummy data into rule and rule_condition
INSERT INTO public.rule(id, name, validity_time, start_date, end_date, target, created_by, updated_by)
  VALUES ('33333333-3333-3333-3333-333333333333', 'High Value Transaction Rule', 'period', '2025-01-01', '2025-12-31', 'trip', NULL, NULL);

INSERT INTO public.rule_condition(id, rule_id, criteria, operator, value, to_string, created_by, updated_by)
  VALUES (uuid_generate_v4(), '33333333-3333-3333-3333-333333333333', 'amount', '>', '2000', 'Amount > 2000', NULL, NULL);

--------------------------------------------------------------------
-- Inserting dummy data into alert (linking trip, alert_template and rule)
INSERT INTO public.alert(id, trip_id, alert_template_id, rule_id, directus_notifications_id, notification_read, created_by, updated_by)
  VALUES (uuid_generate_v4(),
(
      SELECT
        id
      FROM
        public.trip
      WHERE
        title = 'Business Trip to Paris'
      LIMIT 1),
(
      SELECT
        id
      FROM
        public.alert_template
      LIMIT 1),
    '33333333-3333-3333-3333-333333333333',
    NULL,
    FALSE,
    NULL,
    NULL);

--------------------------------------------------------------------
-- Inserting dummy data into alert_recipient
INSERT INTO public.alert_recipient(id, alert_id, user_id, recipient_email, sent_at, status, error_message, created_by, updated_by)
  VALUES (uuid_generate_v4(),
(
      SELECT
        id
      FROM
        public.alert
      LIMIT 1),
    '44444444-4444-4444-4444-444444444444', -- dummy user id
    'recipient@example.com',
    now(),
    'pending',
    NULL,
    NULL,
    NULL);

--------------------------------------------------------------------
-- Inserting dummy data into alert_role, alert_user, and alert_exclusions
INSERT INTO public.alert_role(alert_id, role_id)
  VALUES ((
      SELECT
        id
      FROM
        public.alert
      LIMIT 1),
    '55555555-5555-5555-5555-555555555555');

INSERT INTO public.alert_user(alert_id, user_id)
  VALUES ((
      SELECT
        id
      FROM
        public.alert
      LIMIT 1),
    '66666666-6666-6666-6666-666666666666');

INSERT INTO public.alert_exclusions(alert_id, user_id)
  VALUES ((
      SELECT
        id
      FROM
        public.alert
      LIMIT 1),
    '77777777-7777-7777-7777-777777777777');

--------------------------------------------------------------------
-- Inserting dummy data into transaction_beta
INSERT INTO public.transaction_beta(id, amount, country_code, serial_number, transaction_ref, transaction_date, branch_code, memo, transaction_type, customer_type, first_name, last_name, email, phone, currency, card_type, card_number, status, message_error, created_by, updated_by)
  VALUES (uuid_generate_v4(), 3000.00, 'USA', 'SN003', 'TXB001', '2025-05-01', 'BR003', 'ATM withdrawal', TRUE, 'digital_customer', 'Alice', 'Johnson', 'alice.johnson@example.com', '1112223334', 'USD', 'credit', '4333333333333333', FALSE, NULL, NULL, NULL);

--------------------------------------------------------------------
-- Inserting dummy data into transaction_bank
INSERT INTO public.transaction_bank(id, amount, country_code, serial_number, account_number, transaction_date, transaction_ref, memo, transaction_type, customer_type, first_name, last_name, email, phone, currency, card_type, card_number, branch_code, created_by, updated_by)
  VALUES (uuid_generate_v4(), '4500.00', 'GBR', 'SN004', 'ACC123456', '2025-06-01', 'TXB002', 'Online purchase', 'online', 'premium_customer', 'Robert', 'Brown', 'robert.brown@example.com', '2223334445', 'GBP', 'debit', '4444444444444444', 'BR004', NULL, NULL);

